,Date,Unix,Ticker,DE Ratio,Price,Stock_p_change,SP500,SP500_p_change,Difference,Status
0,2004-01-30 19:01:02,1075507262.0,a,0.407,36.65,0.0,1131.13,0.0,0.0,underperform
1,2004-04-13 04:07:11,1081843631.0,a,0.375,31.87,-13.042291950886762,1129.44,-0.14940811400988874,-12.892883836876873,underperform
2,2004-12-13 21:37:34,1102991854.0,a,0.323,23.84,-34.95225102319236,1198.68,5.971904201992693,-40.92415522518505,underperform
3,2005-01-22 05:17:19,1106389039.0,a,0.322,21.8,-40.518417462482944,1184.63,4.7297834908454375,-45.24820095332838,underperform
4,2006-01-09 02:35:16,1136792116.0,a,0,34.65,-5.457025920873124,1290.15,14.058507863817596,-19.51553378469072,underperform
5,2006-06-21 11:01:16,1150902076.0,a,0.368,32.18,-12.19645293315143,1252.2,10.703455836199192,-22.899908769350624,underperform
6,2006-08-19 10:42:01,1155998521.0,a,0.396,31.8,-13.23328785811732,1295.43,14.525297711138412,-27.758585569255732,underperform
7,2007-02-20 17:46:56,1172011616.0,a,0.411,32.48,-11.377899045020468,1459.68,29.046175063874173,-40.424074108894644,underperform
8,2007-04-12 05:07:51,1176368871.0,a,0.411,34.62,-5.538881309686224,1447.8,27.995897907402316,-33.53477921708854,underperform
9,2008-01-23 19:28:50,1201134530.0,a,0.645,32.16,-12.251023192360169,1338.6,18.341835155994428,-30.592858348354596,underperform
10,2008-02-14 04:44:34,1202982274.0,a,0.645,32.68,-10.832196452933148,1348.86,19.248892700220114,-30.081089153153265,underperform
11,2008-04-26 04:49:23,1209199763.0,a,0.67,31.53,-13.969986357435191,1379.93,21.995703411632608,-35.9656897690678,underperform
12,2008-12-06 19:21:33,1228609293.0,a,0.83,17.26,-52.905866302864936,870.74,-23.020342489369046,-29.88552381349589,underperform
13,2004-04-13 04:20:10,1081844410.0,aa,0.595,34.26,0.0,1129.44,0.0,0.0,underperform
14,2004-09-09 16:15:45,1094760945.0,aa,0.561,32.89,-3.9988324576765835,1118.38,-0.979246352174524,-3.0195861055020594,underperform
15,2004-11-24 10:37:20,1101310640.0,aa,0.53,33.58,-1.9848219497956794,1181.76,4.632384190395234,-6.6172061401909135,underperform
16,2004-12-05 00:36:42,1102225002.0,aa,0.53,32.86,-4.086398131932278,1190.33,5.391167304150718,-9.477565436082998,underperform
17,2005-01-13 07:18:32,1105618712.0,aa,0.457,29.43,-14.098073555166371,1177.45,4.250779147187986,-18.348852702354357,underperform
18,2005-02-07 03:48:37,1107766117.0,aa,0.457,29.37,-14.27320490367775,1201.72,6.399631675874767,-20.672836579552516,underperform
19,2005-05-22 08:48:23,1116766103.0,aa,0.543,27.45,-19.87740805604203,1191.08,5.457571894035971,-25.334979950078,underperform
20,2006-06-20 04:32:21,1150792341.0,aa,0.526,29.1,-15.061295971978975,1240.12,9.799546677999702,-24.86084264997868,underperform
21,2007-01-25 19:09:37,1169770177.0,aa,0.494,31.46,-8.172796263864557,1423.9,26.07132738348208,-34.24412364734663,underperform
22,2007-02-23 09:03:42,1172239422.0,aa,0.494,34.75,1.4302393461763048,1451.19,28.487569060773478,-27.057329714597174,underperform
23,2007-05-16 21:12:47,1179364367.0,aa,0.494,39.04,13.952130764740225,1514.14,34.06112763847571,-20.108996873735485,underperform
24,2007-06-22 06:39:12,1182508752.0,aa,0.503,40.34,17.746643315820215,1502.56,33.03584077064739,-15.289197454827175,underperform
25,2007-10-11 20:57:59,1192150679.0,aa,0.47,38.08,11.150029188558088,1554.41,37.62661141804789,-26.4765822294898,underperform
26,2008-01-23 16:05:53,1201122353.0,aa,0.499,28.04,-18.155283129013426,1338.6,18.518912027199306,-36.67419515621273,underperform
27,2008-10-28 00:52:22,1225169542.0,aa,0.672,9.04,-73.61354349095154,940.51,-16.727758889361105,-56.88578460159044,underperform
28,2008-12-05 01:03:15,1228456995.0,aa,0.672,8.06,-76.47402218330413,876.07,-22.433241252302025,-54.040780931002104,underperform
29,2008-12-06 09:33:46,1228574026.0,aa,0.672,8.15,-76.21132516053707,870.74,-22.90515653775323,-53.306168622783844,underperform
30,2008-12-18 10:54:07,1229615647.0,aa,0.672,10.35,-69.78984238178634,885.28,-21.61779288851113,-48.17204949327521,underperform
31,2009-03-09 18:17:50,1236637070.0,aa,N/A,5.49,-83.97548161120841,676.53,-40.10040373990651,-43.8750778713019,underperform
32,2003-12-07 10:36:10,1070811370.0,aapl,0.072,20.85,0.0,1069.72,0.0,0.0,underperform
33,2004-02-03 07:33:34,1075811614.0,aapl,0.07,22.32,7.05035971223021,1136.03,6.198818382380431,0.8515413298497796,outperform
34,2004-06-03 01:20:38,1086240038.0,aapl,0,28.92,38.705035971223026,1116.64,4.386194518191683,34.31884145303134,outperform
35,2004-08-10 02:02:44,1092117764.0,aapl,0,30.3,45.32374100719424,1079.04,0.8712560296152204,44.452484977579026,outperform
36,2004-10-12 05:40:57,1097574057.0,aapl,0,38.59,85.08393285371703,1121.84,4.87230303256926,80.21162982114777,outperform
37,2004-12-04 14:16:51,1102187811.0,aapl,0,62.68,200.62350119904076,1191.37,11.372134764237357,189.2513664348034,outperform
38,2005-01-26 15:16:47,1106770607.0,aapl,0,71.94,245.03597122302153,1174.07,9.75488912986575,235.2810820931558,outperform
39,2005-02-04 03:07:08,1107504428.0,aapl,0,77.81,273.18944844124695,1203.03,12.462139625322509,260.72730881592446,outperform
40,2005-03-01 10:36:03,1109691363.0,aapl,0,44.86,115.15587529976017,1210.41,13.152039786112258,102.00383551364791,outperform
41,2005-12-17 11:55:53,1134838553.0,aapl,0,71.11,241.05515587529976,1272.74,18.97879819018061,222.07635768511915,outperform
42,2006-01-25 09:43:52,1138200232.0,aapl,0,76.04,264.70023980815347,1264.68,18.22532999289534,246.47490981525812,outperform
43,2006-02-03 13:49:59,1138992599.0,aapl,0,72.1,245.80335731414863,1264.03,18.164566428598132,227.6387908855505,outperform
44,2006-02-07 09:17:30,1139321850.0,aapl,0,67.3,222.78177458033568,1254.78,17.29985416744568,205.48192041289,outperform
45,2006-02-17 15:01:01,1140206461.0,aapl,0,70.21,236.73860911270975,1287.24,20.334293086041207,216.40431602666854,outperform
46,2007-02-17 21:52:03,1171767123.0,aapl,N/A,84.83,306.8585131894484,1455.3,36.0449463410986,270.8135668483498,outperform
47,2007-02-19 17:27:55,1171924075.0,aapl,N/A,84.83,306.8585131894484,1455.54,36.06738211868525,270.79113107076313,outperform
48,2008-01-23 06:28:45,1201087725.0,aapl,N/A,155.64,646.4748201438848,1338.6,25.13554948958605,621.3392706542987,outperform
49,2008-10-27 05:55:02,1225101302.0,aapl,N/A,96.38,362.2541966426858,848.92,-20.64091537972554,382.89511202241135,outperform
50,2008-10-29 21:14:51,1225329291.0,aapl,N/A,104.55,401.4388489208632,930.09,-13.052948435104513,414.4917973559677,outperform
51,2008-10-31 22:34:03,1225506843.0,aapl,N/A,107.59,416.01918465227817,968.75,-9.438918595520326,425.4581032477985,outperform
52,2008-12-03 23:41:54,1228365714.0,aapl,N/A,95.9,359.9520383693046,870.74,-18.601129267471865,378.5531676367765,outperform
53,2008-12-07 14:27:24,1228678044.0,aapl,N/A,94.0,350.8393285371703,845.22,-20.986800284186515,371.8261288213568,outperform
54,2008-12-16 01:57:34,1229410654.0,aapl,N/A,94.75,354.43645083932853,913.18,-14.633735930897812,369.0701867702263,outperform
55,2008-12-17 02:12:01,1229497921.0,aapl,N/A,95.43,357.6978417266187,904.42,-15.452641812810835,373.15048353942956,outperform
56,2009-01-01 01:31:55,1230791515.0,aapl,N/A,85.35,309.3525179856115,869.42,-18.724526044198488,328.07704402981,outperform
57,2009-01-12 07:25:12,1231763112.0,aapl,N/A,90.58,334.4364508393285,870.26,-18.64600082264518,353.08245166197366,outperform
58,2011-09-02 04:10:00,1314951000.0,aapl,N/A,81.03,288.63309352517985,1173.97,9.745540889204651,278.88755263597517,outperform
59,2011-10-14 06:15:31,1318587331.0,aapl,N/A,8.43,-59.56834532374101,1224.58,14.476685487791189,-74.0450308115322,underperform
60,2012-10-11 20:20:07,1350001207.0,aapl,N/A,28.1,34.77218225419664,1432.84,33.94533148861383,0.8268507655828117,outperform
61,2013-04-23 03:01:29,1366700489.0,aapl,N/A,98.67,373.2374100719424,1578.78,47.58815390943424,325.64925616250815,outperform
62,2003-10-26 16:06:32,1067198792.0,abc,0.592,57.01,0.0,1033.77,0.0,0.0,underperform
63,2004-01-28 07:37:34,1075293454.0,abc,0.429,56.36,-1.14015085072794,1128.48,9.16161235090978,-10.30176320163772,underperform
64,2004-05-16 19:24:15,1084749855.0,abc,0.412,58.97,3.4379933345027203,1096.44,6.062276908790164,-2.6242835742874435,underperform
65,2004-10-20 01:31:26,1098250286.0,abc,0.331,52.1,-8.612524118575683,1103.66,6.760691449742215,-15.373215568317898,underperform
66,2005-01-08 07:45:42,1105188342.0,abc,0.332,57.9,1.5611296263813377,1183.74,14.507095388722831,-12.945965762341494,underperform
67,2005-03-30 19:52:42,1112226762.0,abc,0.291,55.44,-2.753902824065954,1181.41,14.281706762626126,-17.03560958669208,underperform
68,2005-05-26 01:50:44,1117086644.0,abc,0.23,65.93,15.646377828451167,1197.62,15.84975381371097,-0.20337598525980383,underperform
69,2005-12-04 08:46:13,1133703973.0,abc,0.223,79.46,39.379056305911234,1264.67,22.3357226462366,17.043333659674634,outperform
70,2007-02-20 06:12:02,1171969922.0,abc,0.308,54.9,-3.701105069286089,1459.68,41.19968658405642,-44.90079165334251,underperform
71,2007-04-05 16:11:07,1175803867.0,abc,0.308,53.94,-5.385020171899668,1443.76,39.65969219458874,-45.04471236648841,underperform
72,2008-01-23 20:34:05,1201138445.0,abc,0.396,45.55,-20.101736537449572,1338.6,29.48721669230099,-49.58895322975056,underperform
73,2009-02-09 08:47:34,1234187254.0,abc,N/A,38.76,-32.01192773197685,869.89,-15.85265581318862,-16.159271918788228,underperform
74,2010-08-21 11:26:32,1282404392.0,abc,N/A,28.92,-49.272057533766,1094.16,5.841724948489519,-55.11378248225552,underperform
75,2004-09-20 13:31:02,1095701462.0,abt,0.543,42.92,0.0,1122.2,0.0,0.0,underperform
76,2004-10-23 22:48:08,1098586088.0,abt,0.543,40.86,-4.7996272134203215,1103.66,-1.652111923008373,-3.1475152904119486,underperform
77,2005-01-25 12:44:11,1106675051.0,abt,0.508,45.93,7.013047530288905,1168.41,4.117804312956695,2.89524321733221,outperform
78,2005-02-28 19:21:54,1109636514.0,abt,0.508,45.61,6.267474370922642,1203.6,7.253608982356073,-0.9861346114334308,underperform
79,2006-06-17 18:01:01,1150581661.0,abt,0.436,42.78,-0.3261882572227413,1230.04,9.609695241489922,-9.935883498712663,underperform
80,2006-07-18 12:32:14,1153240334.0,abt,0.436,44.48,3.63466915191052,1236.86,10.21743004811975,-6.58276089620923,underperform
81,2007-01-13 21:19:42,1168741182.0,abt,0.604,50.45,17.544268406337373,1414.85,26.07823917305292,-8.533970766715548,underperform
82,2007-03-23 02:47:40,1174632460.0,abt,0.883,54.5,26.980428704566627,1436.11,27.97273213330956,-0.9923034287429324,underperform
83,2007-04-10 20:13:09,1176250389.0,abt,0.883,57.11,33.06150978564771,1448.39,29.067011227945112,3.9944985577025953,outperform
84,2007-06-03 02:36:35,1180852595.0,abt,0.871,56.3,31.174277726001854,1530.62,36.39458207093208,-5.220304344930227,underperform
85,2008-01-23 23:41:45,1201149705.0,abt,0.784,57.97,35.06523765144454,1338.6,19.28355016931027,15.78168748213427,outperform
86,2008-04-28 03:46:55,1209368815.0,abt,0.687,51.28,19.478098788443614,1396.37,24.431473890572075,-4.9533751021284615,underperform
87,2008-10-23 21:57:42,1224813462.0,abt,0.732,55.02,28.191985088536814,908.11,-19.077704509000178,47.269689597536996,outperform
88,2008-12-25 05:30:56,1230201056.0,abt,0.546,52.65,22.67008387698042,871.63,-22.32846194974158,44.998545826722,outperform
89,2011-08-05 04:11:33,1312531893.0,abt,76.17,48.77,13.630009319664497,1199.38,6.87756193191945,6.752447387745047,outperform
90,2011-09-02 09:24:27,1314969867.0,abt,68.83,51.94,21.015843429636526,1173.97,4.613259668508285,16.40258376112824,outperform
91,2004-08-16 22:53:27,1092711207.0,ace,0.26,39.1,0.0,1079.34,0.0,0.0,underperform
92,2004-10-10 11:27:42,1097422062.0,ace,0.26,41.04,4.961636828644496,1130.65,4.753831044897824,0.20780578374667158,outperform
93,2005-01-13 13:27:29,1105640849.0,ace,0.21,42.76,9.360613810741679,1177.45,9.089814145681633,0.2707996650600464,outperform
94,2007-02-20 18:32:05,1172014325.0,ace,0.171,58.6,49.87212276214834,1459.68,35.23820112290846,14.63392163923988,outperform
95,2007-04-05 15:54:06,1175802846.0,ace,0.171,57.24,46.39386189258312,1443.76,33.76322567494952,12.630636217633601,outperform
96,2008-01-23 21:48:58,1201142938.0,ace,0.154,59.98,53.40153452685421,1338.6,24.02023458780366,29.381299939050553,outperform
97,2003-12-15 23:12:24,1071547944.0,aci,1.074,30.78,0.0,1068.04,0.0,0.0,underperform
98,2005-01-24 04:33:07,1106559187.0,aci,1.18,34.52,12.150747238466543,1163.75,8.96127485861953,3.189472379847013,outperform
99,2005-02-05 03:36:51,1107592611.0,aci,1.18,38.4,24.75633528265106,1193.19,11.71772592786788,13.038609354783182,outperform
100,2005-03-30 06:50:28,1112179828.0,aci,0.936,41.15,33.69070825211175,1181.41,10.614770982360222,23.075937269751527,outperform
101,2006-05-24 04:17:01,1148458621.0,aci,0.854,46.39,50.71474983755685,1258.57,17.839219504887456,32.8755303326694,outperform
102,2007-03-11 21:41:07,1173663667.0,aci,0.86,30.08,-2.274204028590003,1401.89,31.258192577057052,-33.53239660564706,underperform
103,2007-04-07 18:52:27,1175986347.0,aci,0.86,33.93,10.233918128654967,1439.37,34.76742444103216,-24.533506312377195,underperform
104,2008-03-02 17:50:27,1204498227.0,aci,0.851,51.09,65.98440545808968,1367.68,28.055129021384978,37.929276436704704,outperform
105,2008-06-05 02:23:56,1212647036.0,aci,0.899,67.52,119.3632228719948,1404.05,31.4604321935508,87.90279067844399,outperform
106,2008-10-08 20:51:28,1223513488.0,aci,0.772,25.11,-18.421052631578952,984.94,-7.78060746788509,-10.640445163693862,underperform
107,2008-12-05 05:35:57,1228473357.0,aci,0.767,11.93,-61.241065627030544,876.07,-17.974045915883295,-43.26701971114725,underperform
108,2003-11-08 10:24:47,1068305087.0,acn,0.076,25.05,0.0,1051.81,0.0,0.0,underperform
109,2004-12-10 06:26:24,1102677984.0,acn,0.023,26.2,4.590818363273447,1188.0,12.948156035785937,-8.35733767251249,underperform
110,2005-02-10 03:10:56,1108023056.0,acn,0.023,25.51,1.8363273453093847,1197.01,13.804774626596064,-11.968447281286679,underperform
111,2005-04-04 05:07:40,1112605660.0,acn,0.023,24.44,-2.43512974051896,1176.12,11.818674475428068,-14.253804215947028,underperform
112,2005-09-04 02:06:58,1125814018.0,acn,0.04,25.31,1.037924151696599,1221.59,16.141698595753983,-15.103774444057384,underperform
113,2006-06-03 23:44:14,1149392654.0,acn,0.045,27.89,11.337325349301395,1270.09,20.752797558494404,-9.415472209193009,underperform
114,2006-08-22 00:50:41,1156222241.0,acn,0.034,28.57,14.051896207584827,1298.82,23.484279480134244,-9.432383272549417,underperform
115,2006-08-22 06:44:05,1156243445.0,acn,0.034,28.57,14.051896207584827,1298.82,23.484279480134244,-9.432383272549417,underperform
116,2006-08-27 03:22:58,1156663378.0,acn,0.034,28.36,13.21357285429141,1296.06,23.22187467318242,-10.00830181889101,underperform
117,2006-11-02 16:40:55,1162500055.0,acn,0.027,32.96,31.57684630738523,1367.34,29.99876403532957,1.57808227205566,outperform
118,2006-11-11 01:01:42,1163224902.0,acn,0.027,33.87,35.20958083832334,1385.72,31.74622793090008,3.4633529074232605,outperform
119,2006-12-03 00:17:12,1165123032.0,acn,0.027,33.81,34.970059880239525,1400.63,33.163784333672446,1.806275546567079,outperform
120,2007-03-14 19:10:39,1173913839.0,acn,0.018,35.39,41.27744510978044,1387.17,31.884085528755207,9.39335958102523,outperform
121,2007-05-05 07:47:14,1178365634.0,acn,0.015,39.1,56.087824351297414,1495.92,42.223405367889654,13.86441898340776,outperform
122,2007-06-05 04:17:34,1181031454.0,acn,0.015,41.24,64.63073852295409,1530.95,45.55385478365866,19.076883739295432,outperform
123,2007-07-06 07:06:36,1183719996.0,acn,0.015,42.81,70.89820359281438,1530.44,45.50536693889582,25.392836653918565,outperform
124,2008-04-07 01:42:51,1207546971.0,acn,0.004,36.77,46.78642714570859,1372.54,30.493149903499685,16.29327724220891,outperform
125,2008-10-18 23:21:07,1224386467.0,acn,0.003,31.4,25.349301397205583,907.84,-13.687833353932739,39.037134751138325,outperform
126,2008-12-02 16:28:13,1228253293.0,acn,0.003,29.98,19.68063872255489,848.81,-19.300063699717633,38.98070242227252,outperform
127,2008-12-21 20:10:46,1229908246.0,acn,0.001,32.21,28.582834331337324,885.28,-15.83270742814767,44.415541759484995,outperform
128,2011-11-08 00:40:19,1320730819.0,acn,0.10,58.0,131.5369261477046,1275.92,21.30708017607744,110.22984597162716,outperform
129,2004-01-25 05:32:05,1075026725.0,adbe,0,38.04,0.0,1143.94,0.0,0.0,underperform
130,2004-08-21 23:10:00,1093144200.0,adbe,0,46.09,21.16193480546794,1095.17,-4.2633354896235796,25.42527029509152,outperform
131,2004-11-12 17:19:37,1100297977.0,adbe,0,58.1,52.733964248159836,1184.17,3.516792838785252,49.217171409374586,outperform
132,2005-02-07 16:20:07,1107811207.0,adbe,0,63.67,67.3764458464774,1201.72,5.050964211409687,62.32548163506771,outperform
133,2005-04-05 04:12:22,1112688742.0,adbe,0,66.58,75.02628811777076,1181.39,3.2737730999877654,71.752515017783,outperform
134,2005-08-31 10:51:30,1125499890.0,adbe,0,27.12,-28.706624605678225,1220.33,6.677797786597188,-35.38442239227541,underperform
135,2006-02-21 13:18:21,1140545901.0,adbe,0,37.8,-0.630914826498428,1283.03,12.1588544853751,-12.789769311873528,underperform
136,2006-04-07 10:36:37,1144420597.0,adbe,0,36.1,-5.099894847528911,1295.5,13.24894662307463,-18.348841470603542,underperform
137,2006-06-23 19:31:40,1151105500.0,adbe,N/A,30.5,-19.82124079915878,1244.5,8.790670839379683,-28.611911638538462,underperform
138,2006-11-28 09:44:25,1164725065.0,adbe,N/A,40.22,5.730809674027339,1386.72,21.22314107383254,-15.492331399805202,underperform
139,2007-01-27 16:50:33,1169934633.0,adbe,N/A,39.26,3.207150368033646,1440.13,25.89209224260014,-22.684941874566494,underperform
140,2007-03-09 02:36:54,1173425814.0,adbe,N/A,39.08,2.73396424815983,1402.84,22.632305890169054,-19.898341642009225,underperform
141,2007-03-15 06:30:18,1173954618.0,adbe,N/A,39.3,3.3123028391167137,1392.28,21.709180551427515,-18.3968777123108,underperform
142,2007-03-28 17:43:54,1175118234.0,adbe,N/A,42.14,10.778128286014725,1417.23,23.89023899854887,-13.112110712534145,underperform
143,2007-04-29 08:01:44,1177848104.0,adbe,N/A,42.89,12.749737118822296,1494.25,30.623109603650533,-17.873372484828238,underperform
144,2007-04-30 09:07:29,1177938449.0,adbe,N/A,42.89,12.749737118822296,1482.37,29.58459359756629,-16.834856478743994,underperform
145,2007-05-01 10:38:04,1178030284.0,adbe,N/A,41.56,9.25341745531021,1486.3,29.928143084427493,-20.674725629117283,underperform
146,2007-05-30 21:47:54,1180576074.0,adbe,N/A,43.22,13.617245005257622,1530.23,33.768379460461205,-20.151134455203582,underperform
147,2007-05-31 04:45:00,1180601100.0,adbe,N/A,43.22,13.617245005257622,1530.62,33.80247215763063,-20.18522715237301,underperform
148,2007-06-30 20:56:00,1183251360.0,adbe,N/A,40.15,5.546792849631965,1506.34,31.67998321590292,-26.133190366270952,underperform
149,2007-10-18 06:04:41,1192701881.0,adbe,N/A,45.97,20.846477392218716,1540.08,34.62943860691993,-13.782961214701217,underperform
150,2008-01-23 23:45:57,1201149957.0,adbe,N/A,34.33,-9.752891692954787,1338.6,17.016626746158,-26.769518439112787,underperform
151,2008-12-04 14:30:57,1228419057.0,adbe,0.08,22.54,-40.7465825446898,845.22,-26.113257688340298,-14.633324856349503,underperform
152,2008-12-05 00:15:55,1228454155.0,adbe,0.08,20.44,-46.267087276550996,876.07,-23.416437925066,-22.850649351484996,underperform
153,2008-12-17 11:42:55,1229532175.0,adbe,0.08,22.32,-41.32492113564668,904.42,-20.93816109236499,-20.386760043281694,underperform
154,2008-12-20 21:49:14,1229827754.0,adbe,0.079,22.13,-41.824395373291274,904.42,-20.93816109236499,-20.886234280926285,underperform
155,2004-01-20 06:29:18,1074598158.0,adi,0,50.5,0.0,1138.77,0.0,0.0,underperform
156,2004-05-12 18:46:27,1084401987.0,adi,0,45.04,-10.811881188118813,1097.28,-3.643404726151902,-7.168476461966911,underperform
157,2004-06-22 09:09:13,1087909753.0,adi,0,45.03,-10.831683168316829,1134.41,-0.38286923610561396,-10.448813932211214,underperform
158,2004-08-10 02:07:28,1092118048.0,adi,0,35.92,-28.87128712871287,1079.04,-5.245132906557076,-23.62615422215579,underperform
159,2004-11-11 09:56:15,1100184975.0,adi,0,38.5,-23.762376237623762,1173.48,3.0480255011986648,-26.810401738822428,underperform
160,2005-01-24 03:34:28,1106555668.0,adi,0,34.47,-31.742574257425744,1163.75,2.1935948435592807,-33.936169100985026,underperform
161,2005-03-17 01:05:45,1111035945.0,adi,0,35.92,-28.87128712871287,1190.21,4.517154473686526,-33.388441602399396,underperform
162,2005-04-08 23:33:20,1113017600.0,adi,0,35.67,-29.366336633663366,1181.2,3.725949928431559,-33.09228656209493,underperform
163,2005-09-07 23:00:53,1126148453.0,adi,0,36.88,-26.970297029702966,1236.36,8.569772649437544,-35.54006967914051,underperform
164,2005-10-31 08:19:48,1130761188.0,adi,0,34.61,-31.465346534653467,1207.01,5.992430429322867,-37.457776963976336,underperform
165,2006-12-06 22:26:10,1165461970.0,adi,N/A,33.57,-33.524752475247524,1412.9,24.072464149916147,-57.59721662516367,underperform
166,2007-02-20 18:32:29,1172014349.0,adi,N/A,32.97,-34.71287128712871,1459.68,28.180405174003536,-62.893276461132245,underperform
167,2007-04-05 11:21:28,1175786488.0,adi,N/A,35.37,-29.960396039603964,1443.76,26.782405577948136,-56.742801617552104,underperform
168,2008-01-23 20:59:26,1201139966.0,adi,N/A,27.74,-45.069306930693074,1338.6,17.547880608024442,-62.617187538717516,underperform
169,2008-04-17 12:21:31,1208449291.0,adi,N/A,31.44,-37.742574257425744,1365.56,19.915347260640864,-57.65792151806661,underperform
170,2008-10-14 20:39:34,1224031174.0,adi,N/A,22.77,-54.910891089108915,998.01,-12.360704971153085,-42.55018611795583,underperform
171,2008-12-12 10:52:17,1229097137.0,adi,N/A,18.46,-63.445544554455445,879.73,-22.747350211192778,-40.69819434326267,underperform
172,2008-12-18 00:52:29,1229579549.0,adi,N/A,19.68,-61.02970297029703,885.28,-22.259982261562918,-38.76972070873411,underperform
173,2011-08-05 04:12:35,1312531955.0,adi,25.32,31.63,-37.366336633663366,1199.38,5.322409266138037,-42.688745899801404,underperform
174,2003-11-12 17:41:28,1068676888.0,adm,0.733,14.48,0.0,1058.53,0.0,0.0,underperform
175,2004-01-31 04:11:22,1075540282.0,adm,0.703,15.66,8.149171270718229,1128.48,6.608220834553584,1.5409504361646453,outperform
176,2004-04-14 16:44:25,1081975465.0,adm,0.789,16.81,16.091160220994464,1128.17,6.578934938074508,9.512225282919957,outperform
177,2004-06-19 13:33:48,1087666428.0,adm,0.848,16.28,12.43093922651934,1133.56,7.088131654275267,5.342807572244074,outperform
178,2004-11-30 07:08:52,1101816532.0,adm,0.613,21.23,46.61602209944751,1173.82,10.891519371203458,35.724502728244055,outperform
179,2005-01-26 00:58:06,1106719086.0,adm,0.613,22.65,56.42265193370164,1174.07,10.915137029654328,45.50751490404731,outperform
180,2005-02-08 21:21:16,1107915676.0,adm,0.613,23.71,63.74309392265194,1202.3,13.582043021926632,50.16105090072531,outperform
181,2005-02-14 20:39:46,1108431586.0,adm,0.528,24.5,69.1988950276243,1206.14,13.944810255732017,55.25408477189229,outperform
182,2006-04-06 18:53:48,1144364028.0,adm,0.52,37.05,155.87016574585633,1309.04,23.665838474110323,132.204327271746,outperform
183,2006-04-07 06:53:49,1144407229.0,adm,0.52,36.92,154.97237569060772,1295.5,22.386706092411178,132.58566959819655,outperform
184,2006-04-12 00:58:21,1144817901.0,adm,0.52,36.55,152.4171270718232,1288.12,21.68951281494147,130.7276142568817,outperform
185,2006-04-22 19:30:52,1145748652.0,adm,0.52,37.86,161.46408839779005,1309.93,23.74991733819543,137.7141710595946,outperform
186,2006-04-23 14:17:44,1145816264.0,adm,0.52,37.86,161.46408839779005,1311.46,23.894457407914757,137.5696309898753,outperform
187,2006-04-24 19:49:42,1145922582.0,adm,0.52,38.45,165.5386740331492,1308.11,23.577980784673077,141.9606932484761,outperform
188,2006-04-28 06:30:41,1146220241.0,adm,0.52,36.19,149.9309392265193,1310.61,23.814157369181785,126.11678185733753,outperform
189,2006-05-16 14:27:00,1147804020.0,adm,0.514,43.1,197.65193370165747,1292.08,22.063616524803262,175.58831717685422,outperform
190,2007-02-20 08:05:08,1171976708.0,adm,0.541,35.88,147.79005524861878,1459.68,37.89689475026689,109.8931604983519,outperform
191,2007-03-07 08:11:55,1173273115.0,adm,0.541,32.96,127.62430939226519,1391.97,31.50028813543311,96.12402125683208,outperform
192,2007-04-09 12:40:37,1176136837.0,adm,0.541,37.02,155.66298342541438,1444.61,36.4732222988484,119.18976112656598,outperform
193,2007-06-18 03:24:32,1182151472.0,adm,0.597,34.57,138.74309392265195,1531.05,44.6392638848214,94.10383003783055,outperform
194,2007-06-19 05:10:54,1182244254.0,adm,0.597,34.75,139.98618784530385,1533.7,44.88961106440064,95.0965767809032,outperform
195,2007-10-12 05:57:34,1192183054.0,adm,0.47,34.9,141.0220994475138,1561.8,47.54423587427848,93.47786357323531,outperform
196,2008-01-23 23:14:44,1201148084.0,adm,0.62,40.85,182.11325966850828,1338.6,26.458390409341252,155.65486925916701,outperform
197,2009-01-09 16:47:55,1231537675.0,adm,0.628,27.94,92.95580110497238,890.35,-15.888071193069631,108.84387229804202,outperform
198,2011-08-05 04:13:27,1312532007.0,adm,85.48,28.05,93.71546961325967,1199.38,13.306188771220478,80.4092808420392,outperform
199,2011-12-31 04:39:51,1325324391.0,adm,51.59,28.6,97.51381215469614,1249.64,18.054282826183492,79.45952932851264,outperform
200,2004-05-12 18:03:39,1084399419.0,adp,0.015,45.7,0.0,1097.28,0.0,0.0,underperform
201,2006-05-29 06:22:46,1148898166.0,adp,0.012,45.98,0.6126914660831378,1280.16,16.66666666666668,-16.05397520058354,underperform
202,2006-06-27 09:26:37,1151414797.0,adp,0.012,44.48,-2.6695842450765994,1239.2,12.933799941673966,-15.603384186750565,underperform
203,2007-02-20 18:32:39,1172014359.0,adp,0.012,50.7,10.940919037199125,1459.68,33.02712160979878,-22.08620257259966,underperform
204,2007-04-28 09:46:50,1177768010.0,adp,0.012,45.17,-1.1597374179431095,1495.42,36.28426655001459,-37.444003967957705,underperform
205,2007-05-28 15:46:58,1180381618.0,adp,0.007,49.23,7.724288840262568,1515.73,38.13520705745116,-30.410918217188595,underperform
206,2007-06-30 05:05:33,1183194333.0,adp,0.007,48.47,6.061269146608305,1506.34,37.279454651501894,-31.21818550489359,underperform
207,2007-10-22 09:12:40,1193058760.0,adp,0.008,47.52,3.982494529540482,1506.33,37.27854330708661,-33.296048777546126,underperform
208,2008-01-23 19:35:35,1201134935.0,adp,0.078,38.56,-15.62363238512035,1338.6,21.992563429571298,-37.61619581469165,underperform
209,2008-12-07 07:53:01,1228654381.0,adp,0.288,37.59,-17.746170678336977,845.22,-22.971347331583548,5.225176653246571,outperform
210,2011-09-30 03:20:09,1317367209.0,adp,0.62,48.12,5.295404814004364,1131.42,3.111329833770788,2.184074980233576,outperform
211,2003-10-03 16:48:40,1065214120.0,adsk,0,18.44,0.0,1029.85,0.0,0.0,underperform
212,2004-06-20 07:36:21,1087731381.0,adsk,0,39.4,113.66594360086766,1132.05,9.923775307083561,103.7421682937841,outperform
213,2004-08-03 23:39:21,1091590761.0,adsk,0,39.96,116.70281995661604,1099.69,6.7815701315725745,109.92124982504346,outperform
214,2005-02-25 15:10:44,1109362244.0,adsk,0,29.83,61.767895878524925,1211.37,17.62586784483177,44.14202803369315,outperform
215,2005-04-19 09:08:08,1113916088.0,adsk,0,31.69,71.85466377440348,1152.78,11.93668980919552,59.917973965207956,outperform
216,2007-03-09 02:37:05,1173425825.0,adsk,N/A,38.53,108.94793926247289,1402.84,36.217895810069436,72.73004345240345,outperform
217,2007-03-11 12:08:50,1173629330.0,adsk,N/A,38.54,109.00216919739694,1401.89,36.1256493664126,72.87651983098434,outperform
218,2007-04-07 14:32:35,1175970755.0,adsk,N/A,39.55,114.47939262472882,1439.37,39.765014322474144,74.71437830225467,outperform
219,2007-05-29 18:50:01,1180479001.0,adsk,N/A,44.53,141.48590021691973,1518.11,47.41078797883187,94.07511223808785,outperform
220,2007-12-24 21:50:49,1198551049.0,adsk,N/A,51.02,176.6811279826464,1496.45,45.30756906345586,131.37355891919054,outperform
221,2008-01-23 23:44:14,1201149854.0,adsk,N/A,40.75,120.9869848156182,1338.6,29.980094188474055,91.00689062714414,outperform
222,2008-03-02 21:47:36,1204512456.0,adsk,N/A,31.09,68.60086767895878,1367.68,32.80380637956986,35.797061299388915,outperform
223,2012-08-28 20:58:45,1346201925.0,adsk,N/A,31.23,69.36008676789587,1409.3,36.845171626935965,32.5149151409599,outperform
224,2013-05-14 02:47:26,1368514046.0,adsk,36.49,38.9,110.95444685466376,1650.34,60.250521920668064,50.703924933995694,outperform
225,2004-09-24 17:33:50,1096061630.0,aee,0.804,46.07,0.0,1110.11,0.0,0.0,underperform
226,2004-11-02 15:30:15,1099423815.0,aee,0.804,48.01,4.210983286303446,1130.56,1.8421597859671606,2.368823500336286,outperform
227,2005-03-05 21:55:16,1110077716.0,aee,0.974,51.83,12.502713262426738,1210.08,9.005413877903996,3.4972993845227425,outperform
228,2005-12-16 06:43:01,1134733381.0,aee,0.863,52.32,13.566312133709571,1267.32,14.161659655349473,-0.5953475216399013,underperform
229,2006-01-10 11:29:29,1136910569.0,aee,0.863,51.66,12.133709572389833,1289.69,16.17677527452236,-4.043065702132527,underperform
230,2007-02-20 06:12:12,1171969932.0,aee,0.965,53.51,16.14933796396787,1459.68,31.489672194647394,-15.340334230679524,underperform
231,2007-12-15 01:09:10,1197698950.0,aee,1.02,53.77,16.7136965487302,1486.59,33.913756294421276,-17.200059745691075,underperform
232,2008-01-23 19:17:07,1201133827.0,aee,1.02,46.34,0.5860646841762603,1338.6,20.582644963111765,-19.996580278935504,underperform
233,2009-02-21 00:56:51,1235195811.0,aee,1.02,25.73,-44.15020620794443,788.42,-28.97820936663934,-15.171996841305088,underperform
234,2012-04-23 16:14:50,1335212090.0,aee,86.81,31.45,-31.734317343173434,1366.94,23.135545126158686,-54.86986246933212,underperform
235,2007-03-17 16:26:12,1174163172.0,aeo,94.51,29.89,0.0,1387.17,0.0,0.0,underperform
236,2007-09-20 19:04:16,1190329456.0,aeo,N/A,25.61,-14.319170291067252,1518.75,9.485499253876592,-23.80466954494384,underperform
237,2007-10-13 18:24:50,1192314290.0,aeo,N/A,24.43,-18.266978922716632,1562.47,12.637239848035925,-30.904218770752557,underperform
238,2008-01-24 01:42:43,1201156963.0,aeo,N/A,22.64,-24.25560388089662,1352.07,-2.5303315383118243,-21.725272342584795,underperform
239,2008-12-08 10:59:42,1228751982.0,aeo,0.054,9.73,-67.44730679156909,909.7,-34.42043873497841,-33.02686805659068,underperform
240,2009-01-12 14:36:10,1231788970.0,aeo,0.054,10.13,-66.10906657745065,870.26,-37.263637477742456,-28.84542909970819,underperform
241,2009-03-07 19:29:00,1236472140.0,aeo,N/A,8.91,-70.19069923051188,712.87,-48.60975943828082,-21.580939792231064,underperform
242,2012-10-14 08:11:53,1350216713.0,aeo,N/A,21.54,-27.93576446972232,1432.84,3.292314568509977,-31.228079038232295,underperform
243,2013-03-30 07:41:32,1364643692.0,aeo,N/A,18.7,-37.4372699899632,1562.85,12.66463375072989,-50.10190374069309,underperform
244,2004-08-03 23:58:46,1091591926.0,aep,1.754,31.64,0.0,1099.69,0.0,0.0,underperform
245,2004-10-10 13:54:05,1097430845.0,aep,1.739,32.38,2.3388116308470353,1130.65,2.8153388682265033,-0.476527237379468,underperform
246,2005-04-04 22:37:45,1112668665.0,aep,1.435,33.96,7.332490518331227,1176.12,6.950140494139243,0.38235002419198416,outperform
247,2007-03-07 02:53:36,1173254016.0,aep,1.342,45.33,43.26801517067003,1391.97,26.578399367094356,16.689615803575677,outperform
248,2007-04-10 20:12:53,1176250373.0,aep,1.457,49.34,55.94184576485463,1448.39,31.70893615473452,24.232909610120107,outperform
249,2008-01-23 20:30:47,1201138247.0,aep,1.55,43.82,38.49557522123894,1338.6,21.72521346925041,16.770361751988528,outperform
250,2012-07-27 00:36:41,1343363801.0,aep,123.75,41.95,32.58533501896335,1385.97,26.03279105929853,6.5525439596648205,outperform
251,2003-10-03 17:23:47,1065216227.0,aes,101.18,7.96,0.0,1029.85,0.0,0.0,underperform
252,2003-12-15 21:31:38,1071541898.0,aes,29.748,8.39,5.402010050251263,1068.04,3.7083070350051033,1.69370301524616,outperform
253,2004-08-04 00:04:30,1091592270.0,aes,15.619,9.66,21.356783919597994,1098.63,6.678642520755469,14.678141398842525,outperform
254,2004-10-26 04:29:14,1098779354.0,aes,15.619,11.05,38.819095477386945,1111.09,7.888527455454679,30.930568021932267,outperform
255,2004-12-05 09:19:07,1102256347.0,aes,12.944,12.42,56.03015075376885,1190.33,15.582851871631794,40.447298882137055,outperform
256,2005-02-18 08:12:43,1108732363.0,aes,10.698,16.48,107.03517587939697,1201.59,16.676214982764485,90.35896089663248,outperform
257,2007-02-19 02:26:15,1171869975.0,aes,6.513,22.3,180.15075376884423,1455.54,41.335145895033264,138.81560787381096,outperform
258,2007-04-11 05:09:29,1176282569.0,aes,6.513,22.42,181.65829145728645,1438.87,39.71646356265476,141.9418278946317,outperform
259,2008-01-23 21:05:49,1201140349.0,aes,5.378,17.9,124.87437185929646,1338.6,29.980094188474055,94.8942776708224,outperform
260,2008-04-23 21:50:03,1209001803.0,aes,5.687,17.63,121.48241206030148,1379.93,33.993299995144945,87.48911206515655,outperform
261,2004-02-15 08:22:54,1076851374.0,aet,0.211,77.5,0.0,1152.11,0.0,0.0,underperform
262,2004-08-03 20:44:23,1091580263.0,aet,0.193,86.6,11.74193548387096,1099.69,-4.549912768746027,16.291848252616987,outperform
263,2004-11-30 04:45:36,1101807936.0,aet,0.178,118.21,52.52903225806451,1173.82,1.8843686800739545,50.644663577990556,outperform
264,2005-02-04 06:20:07,1107516007.0,aet,0.178,130.85,68.83870967741935,1203.03,4.419716867313023,64.41899281010632,outperform
265,2005-04-08 02:12:37,1112940757.0,aet,0.177,76.32,-1.522580645161299,1181.2,2.5249325151244366,-4.047513160285735,underperform
266,2005-09-23 17:26:49,1127510809.0,aet,0.17,82.71,6.7225806451612815,1215.29,5.4838513683589305,1.238729276802351,outperform
267,2006-01-11 03:31:09,1136968269.0,aet,0.172,92.65,19.5483870967742,1294.18,12.331287811059722,7.217099285714477,outperform
268,2006-05-07 11:34:24,1147016064.0,aet,0.155,37.99,-50.98064516129032,1312.25,13.899714436989532,-64.88035959827985,underperform
269,2007-01-25 23:46:33,1169786793.0,aet,0.253,41.1,-46.96774193548387,1423.9,23.590629366987546,-70.55837130247141,underperform
270,2007-02-20 08:05:18,1171976718.0,aet,0.253,45.61,-41.148387096774194,1459.68,26.69623560250325,-67.84462269927744,underperform
271,2007-04-06 18:34:03,1175898843.0,aet,0.272,45.0,-41.935483870967744,1437.77,24.79450746890489,-66.72999133987264,underperform
272,2008-01-23 22:12:23,1201144343.0,aet,0.31,54.11,-30.180645161290325,1338.6,16.18682243882963,-46.36746760011995,underperform
273,2008-02-22 22:13:00,1203736380.0,aet,0.31,50.13,-35.31612903225806,1353.11,17.44625079202507,-52.76237982428313,underperform
274,2008-11-01 10:58:06,1225551486.0,aet,0.389,24.87,-67.90967741935484,930.09,-19.270729357439816,-48.638948061915016,underperform
275,2003-10-03 17:29:50,1065216590.0,afl,0.173,33.43,0.0,1029.85,0.0,0.0,underperform
276,2003-12-07 12:26:30,1070817990.0,afl,0.206,35.47,6.102303320370922,1069.72,3.8714375879982637,2.230865732372658,outperform
277,2004-06-27 21:50:24,1088387424.0,afl,0.203,40.4,20.849536344600654,1140.65,10.758848375977102,10.090687968623552,outperform
278,2004-08-29 05:10:22,1093770622.0,afl,0.226,39.99,19.62309303021239,1105.09,7.305918337621985,12.317174692590406,outperform
279,2005-01-25 00:35:34,1106631334.0,afl,0.189,39.58,18.396649715824108,1168.41,13.4543865611497,4.942263154674407,outperform
280,2005-03-17 18:20:48,1111098048.0,afl,0.189,38.22,14.328447502243492,1190.21,15.57119968927515,-1.242752187031659,underperform
281,2005-04-06 19:09:19,1112828959.0,afl,0.189,37.0,10.679030810649119,1184.07,14.97499635869302,-4.295965548043901,underperform
282,2005-08-28 22:41:53,1125283313.0,afl,0.162,43.93,31.40891414896799,1212.37,17.722969364470554,13.685944784497437,outperform
283,2006-02-02 01:16:50,1138861010.0,afl,0.212,47.17,41.10080765779241,1270.84,23.400495217750162,17.700312440042246,outperform
284,2006-05-28 02:32:55,1148797975.0,afl,0.185,46.78,39.93419084654503,1272.88,23.598582317813296,16.335608528731733,outperform
285,2007-02-20 18:32:53,1172014373.0,afl,0.171,48.45,44.92970385880946,1459.68,41.73714618633784,3.1925576724716223,outperform
286,2007-04-08 10:16:28,1176041788.0,afl,0.171,47.92,43.34430152557584,1443.76,40.191289993688414,3.1530115318874223,outperform
287,2008-01-23 12:52:38,1201110758.0,afl,0.172,61.31,83.39814537840265,1338.6,29.980094188474055,53.41805118992859,outperform
288,2009-01-29 12:02:15,1233248535.0,afl,0.241,25.06,-25.037391564463064,845.14,-17.93562169247948,-7.101769871983585,underperform
289,2003-11-17 22:46:03,1069127163.0,agn,0.739,76.65,0.0,1043.63,0.0,0.0,underperform
290,2004-06-19 14:49:29,1087670969.0,agn,0.695,91.42,19.26940639269406,1133.56,8.61703860563608,10.652367787057978,outperform
291,2004-08-10 02:33:38,1092119618.0,agn,0.637,69.32,-9.562948467058071,1079.04,3.392964939681674,-12.955913406739745,underperform
292,2004-11-02 14:09:49,1099418989.0,agn,0.637,72.5,-5.414220482713641,1130.56,8.329580406849155,-13.743800889562795,underperform
293,2005-03-10 01:40:57,1110436857.0,agn,0.522,75.47,-1.5394651011089455,1209.25,15.869608961030238,-17.409074062139183,underperform
294,2005-04-04 23:20:33,1112671233.0,agn,0.522,69.07,-9.889106327462507,1176.12,12.695112252426604,-22.58421857988911,underperform
295,2005-08-29 12:42:47,1125333767.0,agn,0.51,92.83,21.10893672537507,1212.28,16.15994174180503,4.948994983570039,outperform
296,2006-06-21 09:29:01,1150896541.0,agn,0.47,104.14,35.86431833007174,1252.2,19.98505217366307,15.879266156408669,outperform
297,2007-02-20 16:30:00,1172007000.0,agn,0.544,113.32,47.840834964122614,1459.68,39.8656612017669,7.975173762355716,outperform
298,2007-04-06 22:28:10,1175912890.0,agn,0.544,113.52,48.10176125244617,1437.77,37.76625815662638,10.335503095819789,outperform
299,2008-01-23 23:06:53,1201147613.0,agn,0.449,65.01,-15.185909980430528,1338.6,28.26384829872654,-43.44975827915707,underperform
300,2008-02-16 18:44:49,1203205489.0,agn,0.436,63.89,-16.647097195042406,1367.21,31.00524132115787,-47.652338516200274,underperform
301,2008-05-17 08:24:31,1211027071.0,agn,0.429,54.11,-29.406392694063932,1408.66,34.97695543439725,-64.38334812846118,underperform
302,2004-02-15 09:40:39,1076856039.0,aig,1.15,74.72,0.0,1152.11,0.0,0.0,underperform
303,2004-08-18 11:50:54,1092844254.0,aig,1.173,68.32,-8.565310492505361,1095.17,-4.942236418397535,-3.6230740741078264,underperform
304,2005-01-18 04:07:03,1106039223.0,aig,1.162,66.14,-11.482869379014987,1195.98,3.8077961305778203,-15.290665509592808,underperform
305,2005-04-28 12:07:20,1114704440.0,aig,1.162,51.85,-30.607601713062095,1143.22,-0.7716277091597047,-29.83597400390239,underperform
306,2006-01-07 18:38:22,1136677102.0,aig,1.294,70.11,-6.169700214132762,1273.46,10.532848425931563,-16.702548640064325,underperform
307,2006-06-17 17:06:59,1150578419.0,aig,1.384,59.87,-19.87419700214133,1230.04,6.764111065783656,-26.638308067924985,underperform
308,2007-01-23 22:00:19,1169607619.0,aig,1.384,69.8,-6.584582441113493,1427.99,23.94563019156158,-30.530212632675074,underperform
309,2007-03-15 06:01:57,1173952917.0,aig,1.687,67.0,-10.331905781584581,1392.28,20.846099764779414,-31.178005546363995,underperform
310,2007-05-04 05:36:10,1178271370.0,aig,1.687,70.65,-5.447002141327614,1505.62,30.683702077058616,-36.13070421838623,underperform
311,2007-06-05 04:27:22,1181032042.0,aig,1.614,72.55,-2.904175588865099,1530.95,32.882276865924275,-35.78645245478938,underperform
312,2007-07-06 07:35:21,1183721721.0,aig,1.614,70.27,-5.955567451820133,1530.44,32.83801025943705,-38.79357771125718,underperform
313,2008-01-23 16:02:26,1201122146.0,aig,1.918,52.07,-30.313169164882225,1338.6,16.18682243882963,-46.499991603711855,underperform
314,2008-05-23 12:57:40,1211561860.0,aig,2.282,37.81,-49.397751605995715,1375.93,19.426964439159473,-68.82471604515518,underperform
315,2008-09-21 02:42:52,1221979372.0,aig,2.411,3.85,-94.84743040685225,1206.51,4.721771358637639,-99.5692017654899,underperform
316,2008-10-27 11:48:40,1225122520.0,aig,2.411,1.7,-97.72483940042827,848.92,-26.316063570318803,-71.40877583010946,underperform
317,2008-12-17 11:42:57,1229532177.0,aig,3.273,1.8,-97.59100642398288,904.42,-21.498815217296958,-76.09219120668592,underperform
318,2008-12-19 05:47:27,1229683647.0,aig,3.273,1.67,-97.76498929336188,887.88,-22.934442023765087,-74.83054726959679,underperform
319,2009-01-06 14:34:51,1231270491.0,aig,3.273,1.66,-97.77837259100643,934.7,-18.87059395370233,-78.9077786373041,underperform
320,2011-04-29 00:43:45,1304052225.0,aig,95.52,31.8,-57.441113490364025,1363.61,18.35762210205623,-75.79873559242026,underperform
321,2012-03-10 07:53:56,1331384036.0,aig,66.35,28.25,-62.19218415417559,1352.63,17.40458810356652,-79.59677225774212,underperform
322,2013-04-22 02:32:25,1366612345.0,aig,48.99,38.88,-47.96573875802997,1562.5,35.62073065939885,-83.58646941742882,underperform
